Arquivo,Vertices,Arestas,Densidade,Representacao,Algoritmo,Direcionado,Execucao,Tempo(ns)
grafos/sample100-1980.gr,100,1980,0.2,Lista,Dijkstra,Dirigido,1,16914700
grafos/sample100-1980.gr,100,1980,0.2,Lista,Dijkstra,Dirigido,2,962900
grafos/sample100-1980.gr,100,1980,0.2,Lista,Dijkstra,Dirigido,3,519100
grafos/sample100-1980.gr,100,1980,0.2,Lista,Dijkstra,Dirigido,4,429200
grafos/sample100-1980.gr,100,1980,0.2,Lista,Dijkstra,Dirigido,5,373800
grafos/sample100-1980.gr,100,1980,0.2,Lista,Dijkstra,Dirigido,6,483800
grafos/sample100-1980.gr,100,1980,0.2,Lista,Dijkstra,Dirigido,7,441800
grafos/sample100-1980.gr,100,1980,0.2,Lista,Dijkstra,Dirigido,8,585600
grafos/sample100-1980.gr,100,1980,0.2,Lista,Dijkstra,Dirigido,9,506300
grafos/sample100-1980.gr,100,1980,0.2,Lista,Dijkstra,Dirigido,10,426800
grafos/sample100-1980.gr,100,1980,0.2,Matriz,Dijkstra,Dirigido,1,2694100
grafos/sample100-1980.gr,100,1980,0.2,Matriz,Dijkstra,Dirigido,2,392300
grafos/sample100-1980.gr,100,1980,0.2,Matriz,Dijkstra,Dirigido,3,372300
grafos/sample100-1980.gr,100,1980,0.2,Matriz,Dijkstra,Dirigido,4,385700
grafos/sample100-1980.gr,100,1980,0.2,Matriz,Dijkstra,Dirigido,5,431100
grafos/sample100-1980.gr,100,1980,0.2,Matriz,Dijkstra,Dirigido,6,397800
grafos/sample100-1980.gr,100,1980,0.2,Matriz,Dijkstra,Dirigido,7,389900
grafos/sample100-1980.gr,100,1980,0.2,Matriz,Dijkstra,Dirigido,8,354100
grafos/sample100-1980.gr,100,1980,0.2,Matriz,Dijkstra,Dirigido,9,344200
grafos/sample100-1980.gr,100,1980,0.2,Matriz,Dijkstra,Dirigido,10,362100
grafos/sample100-1980.gr,100,1980,0.2,Lista,Bellman-Ford,Dirigido,1,10882300
grafos/sample100-1980.gr,100,1980,0.2,Lista,Bellman-Ford,Dirigido,2,3295200
grafos/sample100-1980.gr,100,1980,0.2,Lista,Bellman-Ford,Dirigido,3,3138700
grafos/sample100-1980.gr,100,1980,0.2,Lista,Bellman-Ford,Dirigido,4,3768600
grafos/sample100-1980.gr,100,1980,0.2,Lista,Bellman-Ford,Dirigido,5,5512100
grafos/sample100-1980.gr,100,1980,0.2,Lista,Bellman-Ford,Dirigido,6,5221500
grafos/sample100-1980.gr,100,1980,0.2,Lista,Bellman-Ford,Dirigido,7,6314400
grafos/sample100-1980.gr,100,1980,0.2,Lista,Bellman-Ford,Dirigido,8,3260400
grafos/sample100-1980.gr,100,1980,0.2,Lista,Bellman-Ford,Dirigido,9,4797300
grafos/sample100-1980.gr,100,1980,0.2,Lista,Bellman-Ford,Dirigido,10,6188400
grafos/sample100-1980.gr,100,1980,0.2,Matriz,Bellman-Ford,Dirigido,1,6590100
grafos/sample100-1980.gr,100,1980,0.2,Matriz,Bellman-Ford,Dirigido,2,3338000
grafos/sample100-1980.gr,100,1980,0.2,Matriz,Bellman-Ford,Dirigido,3,1840800
grafos/sample100-1980.gr,100,1980,0.2,Matriz,Bellman-Ford,Dirigido,4,3460900
grafos/sample100-1980.gr,100,1980,0.2,Matriz,Bellman-Ford,Dirigido,5,3481400
grafos/sample100-1980.gr,100,1980,0.2,Matriz,Bellman-Ford,Dirigido,6,3394500
grafos/sample100-1980.gr,100,1980,0.2,Matriz,Bellman-Ford,Dirigido,7,3320800
grafos/sample100-1980.gr,100,1980,0.2,Matriz,Bellman-Ford,Dirigido,8,3498800
grafos/sample100-1980.gr,100,1980,0.2,Matriz,Bellman-Ford,Dirigido,9,3634800
grafos/sample100-1980.gr,100,1980,0.2,Matriz,Bellman-Ford,Dirigido,10,3707000
grafos/sample100-3960.gr,100,3960,0.4,Lista,Dijkstra,Dirigido,1,1002400
grafos/sample100-3960.gr,100,3960,0.4,Lista,Dijkstra,Dirigido,2,839900
grafos/sample100-3960.gr,100,3960,0.4,Lista,Dijkstra,Dirigido,3,696800
grafos/sample100-3960.gr,100,3960,0.4,Lista,Dijkstra,Dirigido,4,627200
grafos/sample100-3960.gr,100,3960,0.4,Lista,Dijkstra,Dirigido,5,715500
grafos/sample100-3960.gr,100,3960,0.4,Lista,Dijkstra,Dirigido,6,826200
grafos/sample100-3960.gr,100,3960,0.4,Lista,Dijkstra,Dirigido,7,771500
grafos/sample100-3960.gr,100,3960,0.4,Lista,Dijkstra,Dirigido,8,707600
grafos/sample100-3960.gr,100,3960,0.4,Lista,Dijkstra,Dirigido,9,1020600
grafos/sample100-3960.gr,100,3960,0.4,Lista,Dijkstra,Dirigido,10,1135000
grafos/sample100-3960.gr,100,3960,0.4,Matriz,Dijkstra,Dirigido,1,436200
grafos/sample100-3960.gr,100,3960,0.4,Matriz,Dijkstra,Dirigido,2,238300
grafos/sample100-3960.gr,100,3960,0.4,Matriz,Dijkstra,Dirigido,3,260300
grafos/sample100-3960.gr,100,3960,0.4,Matriz,Dijkstra,Dirigido,4,221100
grafos/sample100-3960.gr,100,3960,0.4,Matriz,Dijkstra,Dirigido,5,224000
grafos/sample100-3960.gr,100,3960,0.4,Matriz,Dijkstra,Dirigido,6,246100
grafos/sample100-3960.gr,100,3960,0.4,Matriz,Dijkstra,Dirigido,7,277500
grafos/sample100-3960.gr,100,3960,0.4,Matriz,Dijkstra,Dirigido,8,283400
grafos/sample100-3960.gr,100,3960,0.4,Matriz,Dijkstra,Dirigido,9,197000
grafos/sample100-3960.gr,100,3960,0.4,Matriz,Dijkstra,Dirigido,10,192600
grafos/sample100-3960.gr,100,3960,0.4,Lista,Bellman-Ford,Dirigido,1,18641000
grafos/sample100-3960.gr,100,3960,0.4,Lista,Bellman-Ford,Dirigido,2,16525800
grafos/sample100-3960.gr,100,3960,0.4,Lista,Bellman-Ford,Dirigido,3,15095000
grafos/sample100-3960.gr,100,3960,0.4,Lista,Bellman-Ford,Dirigido,4,14503800
grafos/sample100-3960.gr,100,3960,0.4,Lista,Bellman-Ford,Dirigido,5,19493200
grafos/sample100-3960.gr,100,3960,0.4,Lista,Bellman-Ford,Dirigido,6,18927300
grafos/sample100-3960.gr,100,3960,0.4,Lista,Bellman-Ford,Dirigido,7,17428800
grafos/sample100-3960.gr,100,3960,0.4,Lista,Bellman-Ford,Dirigido,8,18725600
grafos/sample100-3960.gr,100,3960,0.4,Lista,Bellman-Ford,Dirigido,9,18316700
grafos/sample100-3960.gr,100,3960,0.4,Lista,Bellman-Ford,Dirigido,10,14732700
grafos/sample100-3960.gr,100,3960,0.4,Matriz,Bellman-Ford,Dirigido,1,1589400
grafos/sample100-3960.gr,100,3960,0.4,Matriz,Bellman-Ford,Dirigido,2,1129000
grafos/sample100-3960.gr,100,3960,0.4,Matriz,Bellman-Ford,Dirigido,3,1082500
grafos/sample100-3960.gr,100,3960,0.4,Matriz,Bellman-Ford,Dirigido,4,1124500
grafos/sample100-3960.gr,100,3960,0.4,Matriz,Bellman-Ford,Dirigido,5,1127700
grafos/sample100-3960.gr,100,3960,0.4,Matriz,Bellman-Ford,Dirigido,6,1106200
grafos/sample100-3960.gr,100,3960,0.4,Matriz,Bellman-Ford,Dirigido,7,1153300
grafos/sample100-3960.gr,100,3960,0.4,Matriz,Bellman-Ford,Dirigido,8,1029500
grafos/sample100-3960.gr,100,3960,0.4,Matriz,Bellman-Ford,Dirigido,9,1017100
grafos/sample100-3960.gr,100,3960,0.4,Matriz,Bellman-Ford,Dirigido,10,1007500
grafos/sample100-5940.gr,100,5940,0.6,Lista,Dijkstra,Dirigido,1,1367200
grafos/sample100-5940.gr,100,5940,0.6,Lista,Dijkstra,Dirigido,2,1040600
grafos/sample100-5940.gr,100,5940,0.6,Lista,Dijkstra,Dirigido,3,971500
grafos/sample100-5940.gr,100,5940,0.6,Lista,Dijkstra,Dirigido,4,1010000
grafos/sample100-5940.gr,100,5940,0.6,Lista,Dijkstra,Dirigido,5,1344100
grafos/sample100-5940.gr,100,5940,0.6,Lista,Dijkstra,Dirigido,6,982600
grafos/sample100-5940.gr,100,5940,0.6,Lista,Dijkstra,Dirigido,7,901100
grafos/sample100-5940.gr,100,5940,0.6,Lista,Dijkstra,Dirigido,8,1049900
grafos/sample100-5940.gr,100,5940,0.6,Lista,Dijkstra,Dirigido,9,826100
grafos/sample100-5940.gr,100,5940,0.6,Lista,Dijkstra,Dirigido,10,1077300
grafos/sample100-5940.gr,100,5940,0.6,Matriz,Dijkstra,Dirigido,1,608300
grafos/sample100-5940.gr,100,5940,0.6,Matriz,Dijkstra,Dirigido,2,331200
grafos/sample100-5940.gr,100,5940,0.6,Matriz,Dijkstra,Dirigido,3,256900
grafos/sample100-5940.gr,100,5940,0.6,Matriz,Dijkstra,Dirigido,4,300200
grafos/sample100-5940.gr,100,5940,0.6,Matriz,Dijkstra,Dirigido,5,194000
grafos/sample100-5940.gr,100,5940,0.6,Matriz,Dijkstra,Dirigido,6,193100
grafos/sample100-5940.gr,100,5940,0.6,Matriz,Dijkstra,Dirigido,7,182800
grafos/sample100-5940.gr,100,5940,0.6,Matriz,Dijkstra,Dirigido,8,205500
grafos/sample100-5940.gr,100,5940,0.6,Matriz,Dijkstra,Dirigido,9,190500
grafos/sample100-5940.gr,100,5940,0.6,Matriz,Dijkstra,Dirigido,10,185300
grafos/sample100-5940.gr,100,5940,0.6,Lista,Bellman-Ford,Dirigido,1,5427000
grafos/sample100-5940.gr,100,5940,0.6,Lista,Bellman-Ford,Dirigido,2,6404900
grafos/sample100-5940.gr,100,5940,0.6,Lista,Bellman-Ford,Dirigido,3,6119600
grafos/sample100-5940.gr,100,5940,0.6,Lista,Bellman-Ford,Dirigido,4,5144800
grafos/sample100-5940.gr,100,5940,0.6,Lista,Bellman-Ford,Dirigido,5,6205300
grafos/sample100-5940.gr,100,5940,0.6,Lista,Bellman-Ford,Dirigido,6,8669900
grafos/sample100-5940.gr,100,5940,0.6,Lista,Bellman-Ford,Dirigido,7,5148900
grafos/sample100-5940.gr,100,5940,0.6,Lista,Bellman-Ford,Dirigido,8,6825100
grafos/sample100-5940.gr,100,5940,0.6,Lista,Bellman-Ford,Dirigido,9,4532600
grafos/sample100-5940.gr,100,5940,0.6,Lista,Bellman-Ford,Dirigido,10,4724900
grafos/sample100-5940.gr,100,5940,0.6,Matriz,Bellman-Ford,Dirigido,1,2512000
grafos/sample100-5940.gr,100,5940,0.6,Matriz,Bellman-Ford,Dirigido,2,2490900
grafos/sample100-5940.gr,100,5940,0.6,Matriz,Bellman-Ford,Dirigido,3,2390600
grafos/sample100-5940.gr,100,5940,0.6,Matriz,Bellman-Ford,Dirigido,4,1517100
grafos/sample100-5940.gr,100,5940,0.6,Matriz,Bellman-Ford,Dirigido,5,1349600
grafos/sample100-5940.gr,100,5940,0.6,Matriz,Bellman-Ford,Dirigido,6,1310000
grafos/sample100-5940.gr,100,5940,0.6,Matriz,Bellman-Ford,Dirigido,7,1295300
grafos/sample100-5940.gr,100,5940,0.6,Matriz,Bellman-Ford,Dirigido,8,1367100
grafos/sample100-5940.gr,100,5940,0.6,Matriz,Bellman-Ford,Dirigido,9,1287100
grafos/sample100-5940.gr,100,5940,0.6,Matriz,Bellman-Ford,Dirigido,10,1347000
grafos/sample100-7920.gr,100,7920,0.8,Lista,Dijkstra,Dirigido,1,1256200
grafos/sample100-7920.gr,100,7920,0.8,Lista,Dijkstra,Dirigido,2,1229900
grafos/sample100-7920.gr,100,7920,0.8,Lista,Dijkstra,Dirigido,3,1389700
grafos/sample100-7920.gr,100,7920,0.8,Lista,Dijkstra,Dirigido,4,1619500
grafos/sample100-7920.gr,100,7920,0.8,Lista,Dijkstra,Dirigido,5,1548300
grafos/sample100-7920.gr,100,7920,0.8,Lista,Dijkstra,Dirigido,6,1595400
grafos/sample100-7920.gr,100,7920,0.8,Lista,Dijkstra,Dirigido,7,1374300
grafos/sample100-7920.gr,100,7920,0.8,Lista,Dijkstra,Dirigido,8,1116300
grafos/sample100-7920.gr,100,7920,0.8,Lista,Dijkstra,Dirigido,9,988500
grafos/sample100-7920.gr,100,7920,0.8,Lista,Dijkstra,Dirigido,10,842100
grafos/sample100-7920.gr,100,7920,0.8,Matriz,Dijkstra,Dirigido,1,188300
grafos/sample100-7920.gr,100,7920,0.8,Matriz,Dijkstra,Dirigido,2,153400
grafos/sample100-7920.gr,100,7920,0.8,Matriz,Dijkstra,Dirigido,3,149700
grafos/sample100-7920.gr,100,7920,0.8,Matriz,Dijkstra,Dirigido,4,159800
grafos/sample100-7920.gr,100,7920,0.8,Matriz,Dijkstra,Dirigido,5,151700
grafos/sample100-7920.gr,100,7920,0.8,Matriz,Dijkstra,Dirigido,6,156000
grafos/sample100-7920.gr,100,7920,0.8,Matriz,Dijkstra,Dirigido,7,155800
grafos/sample100-7920.gr,100,7920,0.8,Matriz,Dijkstra,Dirigido,8,155300
grafos/sample100-7920.gr,100,7920,0.8,Matriz,Dijkstra,Dirigido,9,151300
grafos/sample100-7920.gr,100,7920,0.8,Matriz,Dijkstra,Dirigido,10,156800
grafos/sample100-7920.gr,100,7920,0.8,Lista,Bellman-Ford,Dirigido,1,69475400
grafos/sample100-7920.gr,100,7920,0.8,Lista,Bellman-Ford,Dirigido,2,50133300
grafos/sample100-7920.gr,100,7920,0.8,Lista,Bellman-Ford,Dirigido,3,39654600
grafos/sample100-7920.gr,100,7920,0.8,Lista,Bellman-Ford,Dirigido,4,33321300
grafos/sample100-7920.gr,100,7920,0.8,Lista,Bellman-Ford,Dirigido,5,30228000
grafos/sample100-7920.gr,100,7920,0.8,Lista,Bellman-Ford,Dirigido,6,26387200
grafos/sample100-7920.gr,100,7920,0.8,Lista,Bellman-Ford,Dirigido,7,26978600
grafos/sample100-7920.gr,100,7920,0.8,Lista,Bellman-Ford,Dirigido,8,27159100
grafos/sample100-7920.gr,100,7920,0.8,Lista,Bellman-Ford,Dirigido,9,29471900
grafos/sample100-7920.gr,100,7920,0.8,Lista,Bellman-Ford,Dirigido,10,27694100
grafos/sample100-7920.gr,100,7920,0.8,Matriz,Bellman-Ford,Dirigido,1,2156100
grafos/sample100-7920.gr,100,7920,0.8,Matriz,Bellman-Ford,Dirigido,2,1697700
grafos/sample100-7920.gr,100,7920,0.8,Matriz,Bellman-Ford,Dirigido,3,1588600
grafos/sample100-7920.gr,100,7920,0.8,Matriz,Bellman-Ford,Dirigido,4,1457100
grafos/sample100-7920.gr,100,7920,0.8,Matriz,Bellman-Ford,Dirigido,5,1403000
grafos/sample100-7920.gr,100,7920,0.8,Matriz,Bellman-Ford,Dirigido,6,1399900
grafos/sample100-7920.gr,100,7920,0.8,Matriz,Bellman-Ford,Dirigido,7,1467400
grafos/sample100-7920.gr,100,7920,0.8,Matriz,Bellman-Ford,Dirigido,8,1612100
grafos/sample100-7920.gr,100,7920,0.8,Matriz,Bellman-Ford,Dirigido,9,1841600
grafos/sample100-7920.gr,100,7920,0.8,Matriz,Bellman-Ford,Dirigido,10,2030600
grafos/sample100-9900.gr,100,9900,1.0,Lista,Dijkstra,Dirigido,1,506600
grafos/sample100-9900.gr,100,9900,1.0,Lista,Dijkstra,Dirigido,2,348100
grafos/sample100-9900.gr,100,9900,1.0,Lista,Dijkstra,Dirigido,3,272000
grafos/sample100-9900.gr,100,9900,1.0,Lista,Dijkstra,Dirigido,4,303800
grafos/sample100-9900.gr,100,9900,1.0,Lista,Dijkstra,Dirigido,5,265400
grafos/sample100-9900.gr,100,9900,1.0,Lista,Dijkstra,Dirigido,6,244500
grafos/sample100-9900.gr,100,9900,1.0,Lista,Dijkstra,Dirigido,7,254100
grafos/sample100-9900.gr,100,9900,1.0,Lista,Dijkstra,Dirigido,8,226000
grafos/sample100-9900.gr,100,9900,1.0,Lista,Dijkstra,Dirigido,9,334300
grafos/sample100-9900.gr,100,9900,1.0,Lista,Dijkstra,Dirigido,10,364500
grafos/sample100-9900.gr,100,9900,1.0,Matriz,Dijkstra,Dirigido,1,358200
grafos/sample100-9900.gr,100,9900,1.0,Matriz,Dijkstra,Dirigido,2,192500
grafos/sample100-9900.gr,100,9900,1.0,Matriz,Dijkstra,Dirigido,3,209700
grafos/sample100-9900.gr,100,9900,1.0,Matriz,Dijkstra,Dirigido,4,198600
grafos/sample100-9900.gr,100,9900,1.0,Matriz,Dijkstra,Dirigido,5,236500
grafos/sample100-9900.gr,100,9900,1.0,Matriz,Dijkstra,Dirigido,6,240000
grafos/sample100-9900.gr,100,9900,1.0,Matriz,Dijkstra,Dirigido,7,211700
grafos/sample100-9900.gr,100,9900,1.0,Matriz,Dijkstra,Dirigido,8,212800
grafos/sample100-9900.gr,100,9900,1.0,Matriz,Dijkstra,Dirigido,9,219300
grafos/sample100-9900.gr,100,9900,1.0,Matriz,Dijkstra,Dirigido,10,213100
grafos/sample100-9900.gr,100,9900,1.0,Lista,Bellman-Ford,Dirigido,1,1794700
grafos/sample100-9900.gr,100,9900,1.0,Lista,Bellman-Ford,Dirigido,2,1718700
grafos/sample100-9900.gr,100,9900,1.0,Lista,Bellman-Ford,Dirigido,3,1734300
grafos/sample100-9900.gr,100,9900,1.0,Lista,Bellman-Ford,Dirigido,4,1649600
grafos/sample100-9900.gr,100,9900,1.0,Lista,Bellman-Ford,Dirigido,5,1732800
grafos/sample100-9900.gr,100,9900,1.0,Lista,Bellman-Ford,Dirigido,6,1603500
grafos/sample100-9900.gr,100,9900,1.0,Lista,Bellman-Ford,Dirigido,7,1791500
grafos/sample100-9900.gr,100,9900,1.0,Lista,Bellman-Ford,Dirigido,8,1798300
grafos/sample100-9900.gr,100,9900,1.0,Lista,Bellman-Ford,Dirigido,9,2026500
grafos/sample100-9900.gr,100,9900,1.0,Lista,Bellman-Ford,Dirigido,10,1721800
grafos/sample100-9900.gr,100,9900,1.0,Matriz,Bellman-Ford,Dirigido,1,1924800
grafos/sample100-9900.gr,100,9900,1.0,Matriz,Bellman-Ford,Dirigido,2,1546700
grafos/sample100-9900.gr,100,9900,1.0,Matriz,Bellman-Ford,Dirigido,3,1472900
grafos/sample100-9900.gr,100,9900,1.0,Matriz,Bellman-Ford,Dirigido,4,1455800
grafos/sample100-9900.gr,100,9900,1.0,Matriz,Bellman-Ford,Dirigido,5,1577700
grafos/sample100-9900.gr,100,9900,1.0,Matriz,Bellman-Ford,Dirigido,6,1348000
grafos/sample100-9900.gr,100,9900,1.0,Matriz,Bellman-Ford,Dirigido,7,1336700
grafos/sample100-9900.gr,100,9900,1.0,Matriz,Bellman-Ford,Dirigido,8,1519100
grafos/sample100-9900.gr,100,9900,1.0,Matriz,Bellman-Ford,Dirigido,9,1392100
grafos/sample100-9900.gr,100,9900,1.0,Matriz,Bellman-Ford,Dirigido,10,1289800
grafos/sample200-7960.gr,200,7960,0.2,Lista,Dijkstra,Dirigido,1,1443200
grafos/sample200-7960.gr,200,7960,0.2,Lista,Dijkstra,Dirigido,2,1217200
grafos/sample200-7960.gr,200,7960,0.2,Lista,Dijkstra,Dirigido,3,784500
grafos/sample200-7960.gr,200,7960,0.2,Lista,Dijkstra,Dirigido,4,666000
grafos/sample200-7960.gr,200,7960,0.2,Lista,Dijkstra,Dirigido,5,1108500
grafos/sample200-7960.gr,200,7960,0.2,Lista,Dijkstra,Dirigido,6,831800
grafos/sample200-7960.gr,200,7960,0.2,Lista,Dijkstra,Dirigido,7,626600
grafos/sample200-7960.gr,200,7960,0.2,Lista,Dijkstra,Dirigido,8,550500
grafos/sample200-7960.gr,200,7960,0.2,Lista,Dijkstra,Dirigido,9,593200
grafos/sample200-7960.gr,200,7960,0.2,Lista,Dijkstra,Dirigido,10,566700
grafos/sample200-7960.gr,200,7960,0.2,Matriz,Dijkstra,Dirigido,1,322100
grafos/sample200-7960.gr,200,7960,0.2,Matriz,Dijkstra,Dirigido,2,291600
grafos/sample200-7960.gr,200,7960,0.2,Matriz,Dijkstra,Dirigido,3,305900
grafos/sample200-7960.gr,200,7960,0.2,Matriz,Dijkstra,Dirigido,4,285400
grafos/sample200-7960.gr,200,7960,0.2,Matriz,Dijkstra,Dirigido,5,318800
grafos/sample200-7960.gr,200,7960,0.2,Matriz,Dijkstra,Dirigido,6,308900
grafos/sample200-7960.gr,200,7960,0.2,Matriz,Dijkstra,Dirigido,7,301100
grafos/sample200-7960.gr,200,7960,0.2,Matriz,Dijkstra,Dirigido,8,305600
grafos/sample200-7960.gr,200,7960,0.2,Matriz,Dijkstra,Dirigido,9,332600
grafos/sample200-7960.gr,200,7960,0.2,Matriz,Dijkstra,Dirigido,10,493900
grafos/sample200-7960.gr,200,7960,0.2,Lista,Bellman-Ford,Dirigido,1,83630200
grafos/sample200-7960.gr,200,7960,0.2,Lista,Bellman-Ford,Dirigido,2,57066800
grafos/sample200-7960.gr,200,7960,0.2,Lista,Bellman-Ford,Dirigido,3,52751000
grafos/sample200-7960.gr,200,7960,0.2,Lista,Bellman-Ford,Dirigido,4,52283100
grafos/sample200-7960.gr,200,7960,0.2,Lista,Bellman-Ford,Dirigido,5,57410000
grafos/sample200-7960.gr,200,7960,0.2,Lista,Bellman-Ford,Dirigido,6,49451400
grafos/sample200-7960.gr,200,7960,0.2,Lista,Bellman-Ford,Dirigido,7,49843500
grafos/sample200-7960.gr,200,7960,0.2,Lista,Bellman-Ford,Dirigido,8,63000300
grafos/sample200-7960.gr,200,7960,0.2,Lista,Bellman-Ford,Dirigido,9,58277000
grafos/sample200-7960.gr,200,7960,0.2,Lista,Bellman-Ford,Dirigido,10,48402800
grafos/sample200-7960.gr,200,7960,0.2,Matriz,Bellman-Ford,Dirigido,1,13073900
grafos/sample200-7960.gr,200,7960,0.2,Matriz,Bellman-Ford,Dirigido,2,12621600
grafos/sample200-7960.gr,200,7960,0.2,Matriz,Bellman-Ford,Dirigido,3,12982700
grafos/sample200-7960.gr,200,7960,0.2,Matriz,Bellman-Ford,Dirigido,4,12916500
grafos/sample200-7960.gr,200,7960,0.2,Matriz,Bellman-Ford,Dirigido,5,13051500
grafos/sample200-7960.gr,200,7960,0.2,Matriz,Bellman-Ford,Dirigido,6,12899300
grafos/sample200-7960.gr,200,7960,0.2,Matriz,Bellman-Ford,Dirigido,7,12990800
grafos/sample200-7960.gr,200,7960,0.2,Matriz,Bellman-Ford,Dirigido,8,13241700
grafos/sample200-7960.gr,200,7960,0.2,Matriz,Bellman-Ford,Dirigido,9,12925800
grafos/sample200-7960.gr,200,7960,0.2,Matriz,Bellman-Ford,Dirigido,10,12833400
grafos/sample200-15920.gr,200,15920,0.4,Lista,Dijkstra,Dirigido,1,2021200
grafos/sample200-15920.gr,200,15920,0.4,Lista,Dijkstra,Dirigido,2,1816400
grafos/sample200-15920.gr,200,15920,0.4,Lista,Dijkstra,Dirigido,3,1666700
grafos/sample200-15920.gr,200,15920,0.4,Lista,Dijkstra,Dirigido,4,2053100
grafos/sample200-15920.gr,200,15920,0.4,Lista,Dijkstra,Dirigido,5,2171200
grafos/sample200-15920.gr,200,15920,0.4,Lista,Dijkstra,Dirigido,6,2236800
grafos/sample200-15920.gr,200,15920,0.4,Lista,Dijkstra,Dirigido,7,1994600
grafos/sample200-15920.gr,200,15920,0.4,Lista,Dijkstra,Dirigido,8,2061700
grafos/sample200-15920.gr,200,15920,0.4,Lista,Dijkstra,Dirigido,9,1794900
grafos/sample200-15920.gr,200,15920,0.4,Lista,Dijkstra,Dirigido,10,1674900
grafos/sample200-15920.gr,200,15920,0.4,Matriz,Dijkstra,Dirigido,1,407500
grafos/sample200-15920.gr,200,15920,0.4,Matriz,Dijkstra,Dirigido,2,289400
grafos/sample200-15920.gr,200,15920,0.4,Matriz,Dijkstra,Dirigido,3,288700
grafos/sample200-15920.gr,200,15920,0.4,Matriz,Dijkstra,Dirigido,4,280400
grafos/sample200-15920.gr,200,15920,0.4,Matriz,Dijkstra,Dirigido,5,287300
grafos/sample200-15920.gr,200,15920,0.4,Matriz,Dijkstra,Dirigido,6,284700
grafos/sample200-15920.gr,200,15920,0.4,Matriz,Dijkstra,Dirigido,7,296300
grafos/sample200-15920.gr,200,15920,0.4,Matriz,Dijkstra,Dirigido,8,287600
grafos/sample200-15920.gr,200,15920,0.4,Matriz,Dijkstra,Dirigido,9,288800
grafos/sample200-15920.gr,200,15920,0.4,Matriz,Dijkstra,Dirigido,10,298900
grafos/sample200-15920.gr,200,15920,0.4,Lista,Bellman-Ford,Dirigido,1,163188600
grafos/sample200-15920.gr,200,15920,0.4,Lista,Bellman-Ford,Dirigido,2,185843200
grafos/sample200-15920.gr,200,15920,0.4,Lista,Bellman-Ford,Dirigido,3,124471700
grafos/sample200-15920.gr,200,15920,0.4,Lista,Bellman-Ford,Dirigido,4,131374300
grafos/sample200-15920.gr,200,15920,0.4,Lista,Bellman-Ford,Dirigido,5,122968900
grafos/sample200-15920.gr,200,15920,0.4,Lista,Bellman-Ford,Dirigido,6,136589100
grafos/sample200-15920.gr,200,15920,0.4,Lista,Bellman-Ford,Dirigido,7,134351300
grafos/sample200-15920.gr,200,15920,0.4,Lista,Bellman-Ford,Dirigido,8,143823900
grafos/sample200-15920.gr,200,15920,0.4,Lista,Bellman-Ford,Dirigido,9,138782900
grafos/sample200-15920.gr,200,15920,0.4,Lista,Bellman-Ford,Dirigido,10,135277200
grafos/sample200-15920.gr,200,15920,0.4,Matriz,Bellman-Ford,Dirigido,1,21340600
grafos/sample200-15920.gr,200,15920,0.4,Matriz,Bellman-Ford,Dirigido,2,21379000
grafos/sample200-15920.gr,200,15920,0.4,Matriz,Bellman-Ford,Dirigido,3,21343500
grafos/sample200-15920.gr,200,15920,0.4,Matriz,Bellman-Ford,Dirigido,4,21287200
grafos/sample200-15920.gr,200,15920,0.4,Matriz,Bellman-Ford,Dirigido,5,21275700
grafos/sample200-15920.gr,200,15920,0.4,Matriz,Bellman-Ford,Dirigido,6,21201800
grafos/sample200-15920.gr,200,15920,0.4,Matriz,Bellman-Ford,Dirigido,7,21291500
grafos/sample200-15920.gr,200,15920,0.4,Matriz,Bellman-Ford,Dirigido,8,21431500
grafos/sample200-15920.gr,200,15920,0.4,Matriz,Bellman-Ford,Dirigido,9,21330700
grafos/sample200-15920.gr,200,15920,0.4,Matriz,Bellman-Ford,Dirigido,10,21312000
grafos/sample200-23880.gr,200,23880,0.6,Lista,Dijkstra,Dirigido,1,3153600
grafos/sample200-23880.gr,200,23880,0.6,Lista,Dijkstra,Dirigido,2,3216300
grafos/sample200-23880.gr,200,23880,0.6,Lista,Dijkstra,Dirigido,3,3424900
grafos/sample200-23880.gr,200,23880,0.6,Lista,Dijkstra,Dirigido,4,2893300
grafos/sample200-23880.gr,200,23880,0.6,Lista,Dijkstra,Dirigido,5,2375800
grafos/sample200-23880.gr,200,23880,0.6,Lista,Dijkstra,Dirigido,6,2617400
grafos/sample200-23880.gr,200,23880,0.6,Lista,Dijkstra,Dirigido,7,2851500
grafos/sample200-23880.gr,200,23880,0.6,Lista,Dijkstra,Dirigido,8,3087300
grafos/sample200-23880.gr,200,23880,0.6,Lista,Dijkstra,Dirigido,9,2758300
grafos/sample200-23880.gr,200,23880,0.6,Lista,Dijkstra,Dirigido,10,2617200
grafos/sample200-23880.gr,200,23880,0.6,Matriz,Dijkstra,Dirigido,1,386600
grafos/sample200-23880.gr,200,23880,0.6,Matriz,Dijkstra,Dirigido,2,364800
grafos/sample200-23880.gr,200,23880,0.6,Matriz,Dijkstra,Dirigido,3,362600
grafos/sample200-23880.gr,200,23880,0.6,Matriz,Dijkstra,Dirigido,4,352600
grafos/sample200-23880.gr,200,23880,0.6,Matriz,Dijkstra,Dirigido,5,349300
grafos/sample200-23880.gr,200,23880,0.6,Matriz,Dijkstra,Dirigido,6,359600
grafos/sample200-23880.gr,200,23880,0.6,Matriz,Dijkstra,Dirigido,7,349000
grafos/sample200-23880.gr,200,23880,0.6,Matriz,Dijkstra,Dirigido,8,331700
grafos/sample200-23880.gr,200,23880,0.6,Matriz,Dijkstra,Dirigido,9,340200
grafos/sample200-23880.gr,200,23880,0.6,Matriz,Dijkstra,Dirigido,10,340400
grafos/sample200-23880.gr,200,23880,0.6,Lista,Bellman-Ford,Dirigido,1,432594900
grafos/sample200-23880.gr,200,23880,0.6,Lista,Bellman-Ford,Dirigido,2,365776700
grafos/sample200-23880.gr,200,23880,0.6,Lista,Bellman-Ford,Dirigido,3,372694400
grafos/sample200-23880.gr,200,23880,0.6,Lista,Bellman-Ford,Dirigido,4,411847600
grafos/sample200-23880.gr,200,23880,0.6,Lista,Bellman-Ford,Dirigido,5,432202700
grafos/sample200-23880.gr,200,23880,0.6,Lista,Bellman-Ford,Dirigido,6,402060600
grafos/sample200-23880.gr,200,23880,0.6,Lista,Bellman-Ford,Dirigido,7,379675400
grafos/sample200-23880.gr,200,23880,0.6,Lista,Bellman-Ford,Dirigido,8,347120400
grafos/sample200-23880.gr,200,23880,0.6,Lista,Bellman-Ford,Dirigido,9,329918300
grafos/sample200-23880.gr,200,23880,0.6,Lista,Bellman-Ford,Dirigido,10,406240500
grafos/sample200-23880.gr,200,23880,0.6,Matriz,Bellman-Ford,Dirigido,1,27502800
grafos/sample200-23880.gr,200,23880,0.6,Matriz,Bellman-Ford,Dirigido,2,27448000
grafos/sample200-23880.gr,200,23880,0.6,Matriz,Bellman-Ford,Dirigido,3,28934200
grafos/sample200-23880.gr,200,23880,0.6,Matriz,Bellman-Ford,Dirigido,4,29098500
grafos/sample200-23880.gr,200,23880,0.6,Matriz,Bellman-Ford,Dirigido,5,28393700
grafos/sample200-23880.gr,200,23880,0.6,Matriz,Bellman-Ford,Dirigido,6,27977200
grafos/sample200-23880.gr,200,23880,0.6,Matriz,Bellman-Ford,Dirigido,7,28675200
grafos/sample200-23880.gr,200,23880,0.6,Matriz,Bellman-Ford,Dirigido,8,29164900
grafos/sample200-23880.gr,200,23880,0.6,Matriz,Bellman-Ford,Dirigido,9,29008800
grafos/sample200-23880.gr,200,23880,0.6,Matriz,Bellman-Ford,Dirigido,10,27010400
grafos/sample200-31840.gr,200,31840,0.8,Lista,Dijkstra,Dirigido,1,4075500
grafos/sample200-31840.gr,200,31840,0.8,Lista,Dijkstra,Dirigido,2,3971500
grafos/sample200-31840.gr,200,31840,0.8,Lista,Dijkstra,Dirigido,3,4269000
grafos/sample200-31840.gr,200,31840,0.8,Lista,Dijkstra,Dirigido,4,4039300
grafos/sample200-31840.gr,200,31840,0.8,Lista,Dijkstra,Dirigido,5,3746500
grafos/sample200-31840.gr,200,31840,0.8,Lista,Dijkstra,Dirigido,6,3802700
grafos/sample200-31840.gr,200,31840,0.8,Lista,Dijkstra,Dirigido,7,4124400
grafos/sample200-31840.gr,200,31840,0.8,Lista,Dijkstra,Dirigido,8,4104700
grafos/sample200-31840.gr,200,31840,0.8,Lista,Dijkstra,Dirigido,9,3682000
grafos/sample200-31840.gr,200,31840,0.8,Lista,Dijkstra,Dirigido,10,3767600
grafos/sample200-31840.gr,200,31840,0.8,Matriz,Dijkstra,Dirigido,1,404600
grafos/sample200-31840.gr,200,31840,0.8,Matriz,Dijkstra,Dirigido,2,375100
grafos/sample200-31840.gr,200,31840,0.8,Matriz,Dijkstra,Dirigido,3,363200
grafos/sample200-31840.gr,200,31840,0.8,Matriz,Dijkstra,Dirigido,4,356800
grafos/sample200-31840.gr,200,31840,0.8,Matriz,Dijkstra,Dirigido,5,382700
grafos/sample200-31840.gr,200,31840,0.8,Matriz,Dijkstra,Dirigido,6,436400
grafos/sample200-31840.gr,200,31840,0.8,Matriz,Dijkstra,Dirigido,7,350000
grafos/sample200-31840.gr,200,31840,0.8,Matriz,Dijkstra,Dirigido,8,352800
grafos/sample200-31840.gr,200,31840,0.8,Matriz,Dijkstra,Dirigido,9,351500
grafos/sample200-31840.gr,200,31840,0.8,Matriz,Dijkstra,Dirigido,10,349800
grafos/sample200-31840.gr,200,31840,0.8,Lista,Bellman-Ford,Dirigido,1,678903000
grafos/sample200-31840.gr,200,31840,0.8,Lista,Bellman-Ford,Dirigido,2,662380100
grafos/sample200-31840.gr,200,31840,0.8,Lista,Bellman-Ford,Dirigido,3,670671500
grafos/sample200-31840.gr,200,31840,0.8,Lista,Bellman-Ford,Dirigido,4,659686800
grafos/sample200-31840.gr,200,31840,0.8,Lista,Bellman-Ford,Dirigido,5,664787400
grafos/sample200-31840.gr,200,31840,0.8,Lista,Bellman-Ford,Dirigido,6,656955600
grafos/sample200-31840.gr,200,31840,0.8,Lista,Bellman-Ford,Dirigido,7,656082900
grafos/sample200-31840.gr,200,31840,0.8,Lista,Bellman-Ford,Dirigido,8,679089600
grafos/sample200-31840.gr,200,31840,0.8,Lista,Bellman-Ford,Dirigido,9,672922300
grafos/sample200-31840.gr,200,31840,0.8,Lista,Bellman-Ford,Dirigido,10,655149200
grafos/sample200-31840.gr,200,31840,0.8,Matriz,Bellman-Ford,Dirigido,1,27311300
grafos/sample200-31840.gr,200,31840,0.8,Matriz,Bellman-Ford,Dirigido,2,27086400
grafos/sample200-31840.gr,200,31840,0.8,Matriz,Bellman-Ford,Dirigido,3,27013500
grafos/sample200-31840.gr,200,31840,0.8,Matriz,Bellman-Ford,Dirigido,4,27060900
grafos/sample200-31840.gr,200,31840,0.8,Matriz,Bellman-Ford,Dirigido,5,26851500
grafos/sample200-31840.gr,200,31840,0.8,Matriz,Bellman-Ford,Dirigido,6,26937900
grafos/sample200-31840.gr,200,31840,0.8,Matriz,Bellman-Ford,Dirigido,7,26947200
grafos/sample200-31840.gr,200,31840,0.8,Matriz,Bellman-Ford,Dirigido,8,26987200
grafos/sample200-31840.gr,200,31840,0.8,Matriz,Bellman-Ford,Dirigido,9,27048800
grafos/sample200-31840.gr,200,31840,0.8,Matriz,Bellman-Ford,Dirigido,10,27003700
grafos/sample200-39800.gr,200,39800,1.0,Lista,Dijkstra,Dirigido,1,5678400
grafos/sample200-39800.gr,200,39800,1.0,Lista,Dijkstra,Dirigido,2,4710400
grafos/sample200-39800.gr,200,39800,1.0,Lista,Dijkstra,Dirigido,3,4669100
grafos/sample200-39800.gr,200,39800,1.0,Lista,Dijkstra,Dirigido,4,5381300
grafos/sample200-39800.gr,200,39800,1.0,Lista,Dijkstra,Dirigido,5,5146500
grafos/sample200-39800.gr,200,39800,1.0,Lista,Dijkstra,Dirigido,6,4695200
grafos/sample200-39800.gr,200,39800,1.0,Lista,Dijkstra,Dirigido,7,4816000
grafos/sample200-39800.gr,200,39800,1.0,Lista,Dijkstra,Dirigido,8,5271400
grafos/sample200-39800.gr,200,39800,1.0,Lista,Dijkstra,Dirigido,9,4777900
grafos/sample200-39800.gr,200,39800,1.0,Lista,Dijkstra,Dirigido,10,5294500
grafos/sample200-39800.gr,200,39800,1.0,Matriz,Dijkstra,Dirigido,1,390700
grafos/sample200-39800.gr,200,39800,1.0,Matriz,Dijkstra,Dirigido,2,413700
grafos/sample200-39800.gr,200,39800,1.0,Matriz,Dijkstra,Dirigido,3,557500
grafos/sample200-39800.gr,200,39800,1.0,Matriz,Dijkstra,Dirigido,4,527000
grafos/sample200-39800.gr,200,39800,1.0,Matriz,Dijkstra,Dirigido,5,493400
grafos/sample200-39800.gr,200,39800,1.0,Matriz,Dijkstra,Dirigido,6,473500
grafos/sample200-39800.gr,200,39800,1.0,Matriz,Dijkstra,Dirigido,7,466900
grafos/sample200-39800.gr,200,39800,1.0,Matriz,Dijkstra,Dirigido,8,492500
grafos/sample200-39800.gr,200,39800,1.0,Matriz,Dijkstra,Dirigido,9,459100
grafos/sample200-39800.gr,200,39800,1.0,Matriz,Dijkstra,Dirigido,10,500300
grafos/sample200-39800.gr,200,39800,1.0,Lista,Bellman-Ford,Dirigido,1,882007000
grafos/sample200-39800.gr,200,39800,1.0,Lista,Bellman-Ford,Dirigido,2,848384200
grafos/sample200-39800.gr,200,39800,1.0,Lista,Bellman-Ford,Dirigido,3,879168400
grafos/sample200-39800.gr,200,39800,1.0,Lista,Bellman-Ford,Dirigido,4,844673900
grafos/sample200-39800.gr,200,39800,1.0,Lista,Bellman-Ford,Dirigido,5,851651500
grafos/sample200-39800.gr,200,39800,1.0,Lista,Bellman-Ford,Dirigido,6,853715900
grafos/sample200-39800.gr,200,39800,1.0,Lista,Bellman-Ford,Dirigido,7,865400500
grafos/sample200-39800.gr,200,39800,1.0,Lista,Bellman-Ford,Dirigido,8,861586600
grafos/sample200-39800.gr,200,39800,1.0,Lista,Bellman-Ford,Dirigido,9,859625700
grafos/sample200-39800.gr,200,39800,1.0,Lista,Bellman-Ford,Dirigido,10,851277500
grafos/sample200-39800.gr,200,39800,1.0,Matriz,Bellman-Ford,Dirigido,1,24735100
grafos/sample200-39800.gr,200,39800,1.0,Matriz,Bellman-Ford,Dirigido,2,23998900
grafos/sample200-39800.gr,200,39800,1.0,Matriz,Bellman-Ford,Dirigido,3,23788700
grafos/sample200-39800.gr,200,39800,1.0,Matriz,Bellman-Ford,Dirigido,4,23815700
grafos/sample200-39800.gr,200,39800,1.0,Matriz,Bellman-Ford,Dirigido,5,23666700
grafos/sample200-39800.gr,200,39800,1.0,Matriz,Bellman-Ford,Dirigido,6,23596900
grafos/sample200-39800.gr,200,39800,1.0,Matriz,Bellman-Ford,Dirigido,7,23820600
grafos/sample200-39800.gr,200,39800,1.0,Matriz,Bellman-Ford,Dirigido,8,23634600
grafos/sample200-39800.gr,200,39800,1.0,Matriz,Bellman-Ford,Dirigido,9,23580700
grafos/sample200-39800.gr,200,39800,1.0,Matriz,Bellman-Ford,Dirigido,10,23737400
grafos/sample500-49900.gr,500,49900,0.2,Lista,Dijkstra,Dirigido,1,763900
grafos/sample500-49900.gr,500,49900,0.2,Lista,Dijkstra,Dirigido,2,606500
grafos/sample500-49900.gr,500,49900,0.2,Lista,Dijkstra,Dirigido,3,572100
grafos/sample500-49900.gr,500,49900,0.2,Lista,Dijkstra,Dirigido,4,543800
grafos/sample500-49900.gr,500,49900,0.2,Lista,Dijkstra,Dirigido,5,511100
grafos/sample500-49900.gr,500,49900,0.2,Lista,Dijkstra,Dirigido,6,489300
grafos/sample500-49900.gr,500,49900,0.2,Lista,Dijkstra,Dirigido,7,489800
grafos/sample500-49900.gr,500,49900,0.2,Lista,Dijkstra,Dirigido,8,499600
grafos/sample500-49900.gr,500,49900,0.2,Lista,Dijkstra,Dirigido,9,495700
grafos/sample500-49900.gr,500,49900,0.2,Lista,Dijkstra,Dirigido,10,550700
grafos/sample500-49900.gr,500,49900,0.2,Matriz,Dijkstra,Dirigido,1,989400
grafos/sample500-49900.gr,500,49900,0.2,Matriz,Dijkstra,Dirigido,2,941900
grafos/sample500-49900.gr,500,49900,0.2,Matriz,Dijkstra,Dirigido,3,940000
grafos/sample500-49900.gr,500,49900,0.2,Matriz,Dijkstra,Dirigido,4,934400
grafos/sample500-49900.gr,500,49900,0.2,Matriz,Dijkstra,Dirigido,5,944400
grafos/sample500-49900.gr,500,49900,0.2,Matriz,Dijkstra,Dirigido,6,954000
grafos/sample500-49900.gr,500,49900,0.2,Matriz,Dijkstra,Dirigido,7,950400
grafos/sample500-49900.gr,500,49900,0.2,Matriz,Dijkstra,Dirigido,8,1095000
grafos/sample500-49900.gr,500,49900,0.2,Matriz,Dijkstra,Dirigido,9,1032400
grafos/sample500-49900.gr,500,49900,0.2,Matriz,Dijkstra,Dirigido,10,957200
grafos/sample500-49900.gr,500,49900,0.2,Lista,Bellman-Ford,Dirigido,1,52842900
grafos/sample500-49900.gr,500,49900,0.2,Lista,Bellman-Ford,Dirigido,2,61343100
grafos/sample500-49900.gr,500,49900,0.2,Lista,Bellman-Ford,Dirigido,3,55585900
grafos/sample500-49900.gr,500,49900,0.2,Lista,Bellman-Ford,Dirigido,4,47048200
grafos/sample500-49900.gr,500,49900,0.2,Lista,Bellman-Ford,Dirigido,5,46421500
grafos/sample500-49900.gr,500,49900,0.2,Lista,Bellman-Ford,Dirigido,6,46154400
grafos/sample500-49900.gr,500,49900,0.2,Lista,Bellman-Ford,Dirigido,7,49887900
grafos/sample500-49900.gr,500,49900,0.2,Lista,Bellman-Ford,Dirigido,8,45644000
grafos/sample500-49900.gr,500,49900,0.2,Lista,Bellman-Ford,Dirigido,9,47566500
grafos/sample500-49900.gr,500,49900,0.2,Lista,Bellman-Ford,Dirigido,10,46452100
grafos/sample500-49900.gr,500,49900,0.2,Matriz,Bellman-Ford,Dirigido,1,211390200
grafos/sample500-49900.gr,500,49900,0.2,Matriz,Bellman-Ford,Dirigido,2,216040700
grafos/sample500-49900.gr,500,49900,0.2,Matriz,Bellman-Ford,Dirigido,3,221285000
grafos/sample500-49900.gr,500,49900,0.2,Matriz,Bellman-Ford,Dirigido,4,219738300
grafos/sample500-49900.gr,500,49900,0.2,Matriz,Bellman-Ford,Dirigido,5,215504100
grafos/sample500-49900.gr,500,49900,0.2,Matriz,Bellman-Ford,Dirigido,6,207310000
grafos/sample500-49900.gr,500,49900,0.2,Matriz,Bellman-Ford,Dirigido,7,220145400
grafos/sample500-49900.gr,500,49900,0.2,Matriz,Bellman-Ford,Dirigido,8,215271800
grafos/sample500-49900.gr,500,49900,0.2,Matriz,Bellman-Ford,Dirigido,9,213537100
grafos/sample500-49900.gr,500,49900,0.2,Matriz,Bellman-Ford,Dirigido,10,209072700
grafos/sample500-99800.gr,500,99800,0.4,Lista,Dijkstra,Dirigido,1,12054600
grafos/sample500-99800.gr,500,99800,0.4,Lista,Dijkstra,Dirigido,2,11473700
grafos/sample500-99800.gr,500,99800,0.4,Lista,Dijkstra,Dirigido,3,11672700
grafos/sample500-99800.gr,500,99800,0.4,Lista,Dijkstra,Dirigido,4,12102100
grafos/sample500-99800.gr,500,99800,0.4,Lista,Dijkstra,Dirigido,5,11599900
grafos/sample500-99800.gr,500,99800,0.4,Lista,Dijkstra,Dirigido,6,11536900
grafos/sample500-99800.gr,500,99800,0.4,Lista,Dijkstra,Dirigido,7,11934800
grafos/sample500-99800.gr,500,99800,0.4,Lista,Dijkstra,Dirigido,8,11778100
grafos/sample500-99800.gr,500,99800,0.4,Lista,Dijkstra,Dirigido,9,11267800
grafos/sample500-99800.gr,500,99800,0.4,Lista,Dijkstra,Dirigido,10,12666000
grafos/sample500-99800.gr,500,99800,0.4,Matriz,Dijkstra,Dirigido,1,1522100
grafos/sample500-99800.gr,500,99800,0.4,Matriz,Dijkstra,Dirigido,2,1465400
grafos/sample500-99800.gr,500,99800,0.4,Matriz,Dijkstra,Dirigido,3,1499100
grafos/sample500-99800.gr,500,99800,0.4,Matriz,Dijkstra,Dirigido,4,1473100
grafos/sample500-99800.gr,500,99800,0.4,Matriz,Dijkstra,Dirigido,5,1433300
grafos/sample500-99800.gr,500,99800,0.4,Matriz,Dijkstra,Dirigido,6,1461100
grafos/sample500-99800.gr,500,99800,0.4,Matriz,Dijkstra,Dirigido,7,1469400
grafos/sample500-99800.gr,500,99800,0.4,Matriz,Dijkstra,Dirigido,8,1434000
grafos/sample500-99800.gr,500,99800,0.4,Matriz,Dijkstra,Dirigido,9,1403500
grafos/sample500-99800.gr,500,99800,0.4,Matriz,Dijkstra,Dirigido,10,1388300
grafos/sample500-99800.gr,500,99800,0.4,Lista,Bellman-Ford,Dirigido,1,5518512100
grafos/sample500-99800.gr,500,99800,0.4,Lista,Bellman-Ford,Dirigido,2,5498627200
grafos/sample500-99800.gr,500,99800,0.4,Lista,Bellman-Ford,Dirigido,3,5551223700
grafos/sample500-99800.gr,500,99800,0.4,Lista,Bellman-Ford,Dirigido,4,5540832100
grafos/sample500-99800.gr,500,99800,0.4,Lista,Bellman-Ford,Dirigido,5,5527504000
grafos/sample500-99800.gr,500,99800,0.4,Lista,Bellman-Ford,Dirigido,6,5511451400
grafos/sample500-99800.gr,500,99800,0.4,Lista,Bellman-Ford,Dirigido,7,5545384300
grafos/sample500-99800.gr,500,99800,0.4,Lista,Bellman-Ford,Dirigido,8,5515406400
grafos/sample500-99800.gr,500,99800,0.4,Lista,Bellman-Ford,Dirigido,9,5546724800
grafos/sample500-99800.gr,500,99800,0.4,Lista,Bellman-Ford,Dirigido,10,5505008100
grafos/sample500-99800.gr,500,99800,0.4,Matriz,Bellman-Ford,Dirigido,1,339776700
grafos/sample500-99800.gr,500,99800,0.4,Matriz,Bellman-Ford,Dirigido,2,353251500
grafos/sample500-99800.gr,500,99800,0.4,Matriz,Bellman-Ford,Dirigido,3,361896300
grafos/sample500-99800.gr,500,99800,0.4,Matriz,Bellman-Ford,Dirigido,4,359033500
grafos/sample500-99800.gr,500,99800,0.4,Matriz,Bellman-Ford,Dirigido,5,362332000
grafos/sample500-99800.gr,500,99800,0.4,Matriz,Bellman-Ford,Dirigido,6,357286300
grafos/sample500-99800.gr,500,99800,0.4,Matriz,Bellman-Ford,Dirigido,7,341358300
grafos/sample500-99800.gr,500,99800,0.4,Matriz,Bellman-Ford,Dirigido,8,347675900
grafos/sample500-99800.gr,500,99800,0.4,Matriz,Bellman-Ford,Dirigido,9,347627600
grafos/sample500-99800.gr,500,99800,0.4,Matriz,Bellman-Ford,Dirigido,10,350447500
grafos/sample500-149700.gr,500,149700,0.6,Lista,Dijkstra,Dirigido,1,11205700
grafos/sample500-149700.gr,500,149700,0.6,Lista,Dijkstra,Dirigido,2,10980500
grafos/sample500-149700.gr,500,149700,0.6,Lista,Dijkstra,Dirigido,3,11070000
grafos/sample500-149700.gr,500,149700,0.6,Lista,Dijkstra,Dirigido,4,12498400
grafos/sample500-149700.gr,500,149700,0.6,Lista,Dijkstra,Dirigido,5,10732000
grafos/sample500-149700.gr,500,149700,0.6,Lista,Dijkstra,Dirigido,6,11946100
grafos/sample500-149700.gr,500,149700,0.6,Lista,Dijkstra,Dirigido,7,11137500
grafos/sample500-149700.gr,500,149700,0.6,Lista,Dijkstra,Dirigido,8,10963600
grafos/sample500-149700.gr,500,149700,0.6,Lista,Dijkstra,Dirigido,9,11418600
grafos/sample500-149700.gr,500,149700,0.6,Lista,Dijkstra,Dirigido,10,10836500
grafos/sample500-149700.gr,500,149700,0.6,Matriz,Dijkstra,Dirigido,1,1816300
grafos/sample500-149700.gr,500,149700,0.6,Matriz,Dijkstra,Dirigido,2,1726200
grafos/sample500-149700.gr,500,149700,0.6,Matriz,Dijkstra,Dirigido,3,1725500
grafos/sample500-149700.gr,500,149700,0.6,Matriz,Dijkstra,Dirigido,4,1736300
grafos/sample500-149700.gr,500,149700,0.6,Matriz,Dijkstra,Dirigido,5,1734100
grafos/sample500-149700.gr,500,149700,0.6,Matriz,Dijkstra,Dirigido,6,1711700
grafos/sample500-149700.gr,500,149700,0.6,Matriz,Dijkstra,Dirigido,7,1823900
grafos/sample500-149700.gr,500,149700,0.6,Matriz,Dijkstra,Dirigido,8,1942700
grafos/sample500-149700.gr,500,149700,0.6,Matriz,Dijkstra,Dirigido,9,1782900
grafos/sample500-149700.gr,500,149700,0.6,Matriz,Dijkstra,Dirigido,10,1732700
grafos/sample500-149700.gr,500,149700,0.6,Lista,Bellman-Ford,Dirigido,1,4836211200
grafos/sample500-149700.gr,500,149700,0.6,Lista,Bellman-Ford,Dirigido,2,5366227700
grafos/sample500-149700.gr,500,149700,0.6,Lista,Bellman-Ford,Dirigido,3,4826045700
grafos/sample500-149700.gr,500,149700,0.6,Lista,Bellman-Ford,Dirigido,4,4816861700
grafos/sample500-149700.gr,500,149700,0.6,Lista,Bellman-Ford,Dirigido,5,5208179200
grafos/sample500-149700.gr,500,149700,0.6,Lista,Bellman-Ford,Dirigido,6,4842892500
grafos/sample500-149700.gr,500,149700,0.6,Lista,Bellman-Ford,Dirigido,7,4816750300
grafos/sample500-149700.gr,500,149700,0.6,Lista,Bellman-Ford,Dirigido,8,4905545400
grafos/sample500-149700.gr,500,149700,0.6,Lista,Bellman-Ford,Dirigido,9,4859565700
grafos/sample500-149700.gr,500,149700,0.6,Lista,Bellman-Ford,Dirigido,10,4919844900
grafos/sample500-149700.gr,500,149700,0.6,Matriz,Bellman-Ford,Dirigido,1,434654600
grafos/sample500-149700.gr,500,149700,0.6,Matriz,Bellman-Ford,Dirigido,2,437175800
grafos/sample500-149700.gr,500,149700,0.6,Matriz,Bellman-Ford,Dirigido,3,436774700
grafos/sample500-149700.gr,500,149700,0.6,Matriz,Bellman-Ford,Dirigido,4,437822000
grafos/sample500-149700.gr,500,149700,0.6,Matriz,Bellman-Ford,Dirigido,5,436877000
grafos/sample500-149700.gr,500,149700,0.6,Matriz,Bellman-Ford,Dirigido,6,470757400
grafos/sample500-149700.gr,500,149700,0.6,Matriz,Bellman-Ford,Dirigido,7,456509600
grafos/sample500-149700.gr,500,149700,0.6,Matriz,Bellman-Ford,Dirigido,8,434572600
grafos/sample500-149700.gr,500,149700,0.6,Matriz,Bellman-Ford,Dirigido,9,450236600
grafos/sample500-149700.gr,500,149700,0.6,Matriz,Bellman-Ford,Dirigido,10,442139600
grafos/sample500-199600.gr,500,199600,0.8,Lista,Dijkstra,Dirigido,1,2193300
grafos/sample500-199600.gr,500,199600,0.8,Lista,Dijkstra,Dirigido,2,1977000
grafos/sample500-199600.gr,500,199600,0.8,Lista,Dijkstra,Dirigido,3,1782900
grafos/sample500-199600.gr,500,199600,0.8,Lista,Dijkstra,Dirigido,4,2052700
grafos/sample500-199600.gr,500,199600,0.8,Lista,Dijkstra,Dirigido,5,1993600
grafos/sample500-199600.gr,500,199600,0.8,Lista,Dijkstra,Dirigido,6,1837800
grafos/sample500-199600.gr,500,199600,0.8,Lista,Dijkstra,Dirigido,7,1770900
grafos/sample500-199600.gr,500,199600,0.8,Lista,Dijkstra,Dirigido,8,1513800
grafos/sample500-199600.gr,500,199600,0.8,Lista,Dijkstra,Dirigido,9,1686500
grafos/sample500-199600.gr,500,199600,0.8,Lista,Dijkstra,Dirigido,10,1875400
grafos/sample500-199600.gr,500,199600,0.8,Matriz,Dijkstra,Dirigido,1,1957200
grafos/sample500-199600.gr,500,199600,0.8,Matriz,Dijkstra,Dirigido,2,1857800
grafos/sample500-199600.gr,500,199600,0.8,Matriz,Dijkstra,Dirigido,3,1872100
grafos/sample500-199600.gr,500,199600,0.8,Matriz,Dijkstra,Dirigido,4,1958400
grafos/sample500-199600.gr,500,199600,0.8,Matriz,Dijkstra,Dirigido,5,1816500
grafos/sample500-199600.gr,500,199600,0.8,Matriz,Dijkstra,Dirigido,6,1796800
grafos/sample500-199600.gr,500,199600,0.8,Matriz,Dijkstra,Dirigido,7,1886100
grafos/sample500-199600.gr,500,199600,0.8,Matriz,Dijkstra,Dirigido,8,1957000
grafos/sample500-199600.gr,500,199600,0.8,Matriz,Dijkstra,Dirigido,9,2127000
grafos/sample500-199600.gr,500,199600,0.8,Matriz,Dijkstra,Dirigido,10,1902800
grafos/sample500-199600.gr,500,199600,0.8,Lista,Bellman-Ford,Dirigido,1,535856300
grafos/sample500-199600.gr,500,199600,0.8,Lista,Bellman-Ford,Dirigido,2,510029600
grafos/sample500-199600.gr,500,199600,0.8,Lista,Bellman-Ford,Dirigido,3,514277300
grafos/sample500-199600.gr,500,199600,0.8,Lista,Bellman-Ford,Dirigido,4,511814500
grafos/sample500-199600.gr,500,199600,0.8,Lista,Bellman-Ford,Dirigido,5,509829500
grafos/sample500-199600.gr,500,199600,0.8,Lista,Bellman-Ford,Dirigido,6,505345800
grafos/sample500-199600.gr,500,199600,0.8,Lista,Bellman-Ford,Dirigido,7,507603900
grafos/sample500-199600.gr,500,199600,0.8,Lista,Bellman-Ford,Dirigido,8,511552400
grafos/sample500-199600.gr,500,199600,0.8,Lista,Bellman-Ford,Dirigido,9,499231700
grafos/sample500-199600.gr,500,199600,0.8,Lista,Bellman-Ford,Dirigido,10,504010500
grafos/sample500-199600.gr,500,199600,0.8,Matriz,Bellman-Ford,Dirigido,1,435025600
grafos/sample500-199600.gr,500,199600,0.8,Matriz,Bellman-Ford,Dirigido,2,434069000
grafos/sample500-199600.gr,500,199600,0.8,Matriz,Bellman-Ford,Dirigido,3,435968300
grafos/sample500-199600.gr,500,199600,0.8,Matriz,Bellman-Ford,Dirigido,4,434289200
grafos/sample500-199600.gr,500,199600,0.8,Matriz,Bellman-Ford,Dirigido,5,434230600
grafos/sample500-199600.gr,500,199600,0.8,Matriz,Bellman-Ford,Dirigido,6,434521300
grafos/sample500-199600.gr,500,199600,0.8,Matriz,Bellman-Ford,Dirigido,7,434487800
grafos/sample500-199600.gr,500,199600,0.8,Matriz,Bellman-Ford,Dirigido,8,433929800
grafos/sample500-199600.gr,500,199600,0.8,Matriz,Bellman-Ford,Dirigido,9,433303600
grafos/sample500-199600.gr,500,199600,0.8,Matriz,Bellman-Ford,Dirigido,10,433930800
grafos/sample500-249500.gr,500,249500,1.0,Lista,Dijkstra,Dirigido,1,2060100
grafos/sample500-249500.gr,500,249500,1.0,Lista,Dijkstra,Dirigido,2,1716800
grafos/sample500-249500.gr,500,249500,1.0,Lista,Dijkstra,Dirigido,3,1734800
grafos/sample500-249500.gr,500,249500,1.0,Lista,Dijkstra,Dirigido,4,1797500
grafos/sample500-249500.gr,500,249500,1.0,Lista,Dijkstra,Dirigido,5,1743100
grafos/sample500-249500.gr,500,249500,1.0,Lista,Dijkstra,Dirigido,6,1978100
grafos/sample500-249500.gr,500,249500,1.0,Lista,Dijkstra,Dirigido,7,1850400
grafos/sample500-249500.gr,500,249500,1.0,Lista,Dijkstra,Dirigido,8,2056100
grafos/sample500-249500.gr,500,249500,1.0,Lista,Dijkstra,Dirigido,9,1999400
grafos/sample500-249500.gr,500,249500,1.0,Lista,Dijkstra,Dirigido,10,1817200
grafos/sample500-249500.gr,500,249500,1.0,Matriz,Dijkstra,Dirigido,1,1703800
grafos/sample500-249500.gr,500,249500,1.0,Matriz,Dijkstra,Dirigido,2,1642200
grafos/sample500-249500.gr,500,249500,1.0,Matriz,Dijkstra,Dirigido,3,1651800
grafos/sample500-249500.gr,500,249500,1.0,Matriz,Dijkstra,Dirigido,4,1645500
grafos/sample500-249500.gr,500,249500,1.0,Matriz,Dijkstra,Dirigido,5,1784700
grafos/sample500-249500.gr,500,249500,1.0,Matriz,Dijkstra,Dirigido,6,1680700
grafos/sample500-249500.gr,500,249500,1.0,Matriz,Dijkstra,Dirigido,7,1655100
grafos/sample500-249500.gr,500,249500,1.0,Matriz,Dijkstra,Dirigido,8,1668100
grafos/sample500-249500.gr,500,249500,1.0,Matriz,Dijkstra,Dirigido,9,1667400
grafos/sample500-249500.gr,500,249500,1.0,Matriz,Dijkstra,Dirigido,10,1672900
grafos/sample500-249500.gr,500,249500,1.0,Lista,Bellman-Ford,Dirigido,1,618138500
grafos/sample500-249500.gr,500,249500,1.0,Lista,Bellman-Ford,Dirigido,2,597277000
grafos/sample500-249500.gr,500,249500,1.0,Lista,Bellman-Ford,Dirigido,3,604803600
grafos/sample500-249500.gr,500,249500,1.0,Lista,Bellman-Ford,Dirigido,4,627076600
grafos/sample500-249500.gr,500,249500,1.0,Lista,Bellman-Ford,Dirigido,5,594490000
grafos/sample500-249500.gr,500,249500,1.0,Lista,Bellman-Ford,Dirigido,6,691160900
grafos/sample500-249500.gr,500,249500,1.0,Lista,Bellman-Ford,Dirigido,7,611831200
grafos/sample500-249500.gr,500,249500,1.0,Lista,Bellman-Ford,Dirigido,8,591601100
grafos/sample500-249500.gr,500,249500,1.0,Lista,Bellman-Ford,Dirigido,9,599261900
grafos/sample500-249500.gr,500,249500,1.0,Lista,Bellman-Ford,Dirigido,10,606334000
grafos/sample500-249500.gr,500,249500,1.0,Matriz,Bellman-Ford,Dirigido,1,388070800
grafos/sample500-249500.gr,500,249500,1.0,Matriz,Bellman-Ford,Dirigido,2,381789100
grafos/sample500-249500.gr,500,249500,1.0,Matriz,Bellman-Ford,Dirigido,3,381777700
grafos/sample500-249500.gr,500,249500,1.0,Matriz,Bellman-Ford,Dirigido,4,376843200
grafos/sample500-249500.gr,500,249500,1.0,Matriz,Bellman-Ford,Dirigido,5,382022200
grafos/sample500-249500.gr,500,249500,1.0,Matriz,Bellman-Ford,Dirigido,6,378587900
grafos/sample500-249500.gr,500,249500,1.0,Matriz,Bellman-Ford,Dirigido,7,377717400
grafos/sample500-249500.gr,500,249500,1.0,Matriz,Bellman-Ford,Dirigido,8,378180000
grafos/sample500-249500.gr,500,249500,1.0,Matriz,Bellman-Ford,Dirigido,9,379820900
grafos/sample500-249500.gr,500,249500,1.0,Matriz,Bellman-Ford,Dirigido,10,378166500
